 ,PLAYER,TEAM,AGE,GP,W,L,MIN,OFFRTG,DEFRTG,NETRTG,AST%,AST/TO,AST RATIO,OREB%,DREB%,REB%,TO RATIO,EFG%,TS%,USG%,PACE,PIE,POSS
1,James Posey,BOS,31,26,16,10,22.1,104.5,103.4,1.1,8.4,2,15.5,2.3,15.6,9,7.7,58.4,63.7,12.5,89.83,10.9,1072
1,Kevin Garnett,BOS,32,26,16,10,37.9,110.1,99.4,10.7,17.6,1.58,13.7,8.2,22,15.3,8.7,49.8,54.2,26.5,87.25,18.3,1791
1,Paul Pierce,BOS,30,26,16,10,38.1,109.5,101.7,7.8,22.1,1.45,18.2,2.4,11.9,7.2,12.5,49.9,57,25.6,87.85,12.6,1808
1,Rajon Rondo,BOS,22,26,16,10,31.9,105.4,100.9,4.5,35.5,3.66,33.6,5.1,9,7,9.2,41.6,45.4,19.3,88.86,11.1,1533
1,Ray Allen,BOS,32,26,16,10,38,107.2,99.7,7.6,12.5,1.87,15.6,2.7,7.9,5.3,8.4,51.6,57.6,18.4,87.55,10.5,1809
6,Kendrick Perkins,BOS,23,25,16,9,25.2,106,95,11,3.4,0.42,7.3,9.3,17,13.2,17.5,58.5,62.1,12.4,86.69,8.5,1138
6,P.J. Brown,BOS,38,25,16,9,13.6,96.7,104.3,-7.6,6.5,1,13,5.9,13.4,9.6,13,46.4,54.5,11.2,88.96,4.5,629
8,Leon Powe,BOS,24,23,14,9,11.7,105.7,104.4,1.3,2.6,0.33,3.3,12.3,12.4,12.4,10,49.3,56.8,19.9,88.29,7,494
9,Derek Fisher,LAL,33,21,14,7,31.6,113.2,103.8,9.4,11.3,2.6,20.9,0.3,6.4,3.6,8,52.7,60.4,13.4,95.7,7.9,1321
9,Eddie House,BOS,30,21,12,9,7.9,107.2,98.7,8.4,17.1,4.5,22,1.3,12,6.9,4.9,40.2,43.7,17.2,94.68,8.4,335
9,Jordan Farmar,LAL,21,21,14,7,17.1,96.1,108.4,-12.2,13.2,1.59,16.3,2,7.5,4.7,10.2,45.7,48.8,17.8,93.57,6.2,699
9,Kobe Bryant,LAL,29,21,14,7,41.1,110.2,106.2,4,26.4,1.67,16,2.2,11.5,7,9.6,51.4,57.7,32.5,94.42,16.7,1696
9,Lamar Odom,LAL,28,21,14,7,37.4,106.7,104.1,2.7,12.8,1.32,16.1,6.4,20.1,13.6,12.2,49.8,55,18.7,94.47,11.6,1544
9,Luke Walton,LAL,28,21,14,7,16.8,109.2,106.9,2.4,17.7,2.05,23.7,3.9,11.7,7.9,11.6,51,55.4,16.8,96.26,8.2,703
9,Pau Gasol,LAL,27,21,14,7,39.8,111.4,105.8,5.6,16.1,1.89,18.8,6.9,16.4,11.8,10,53,56.8,19.5,94.56,13.1,1641
9,Sam Cassell,BOS,38,21,13,8,12.5,105.7,96,9.7,18.7,2.08,16,0.8,5.4,3.1,7.7,36,39.7,23.6,86.42,3.6,473
9,Sasha Vujacic,LAL,24,21,14,7,21.7,105.3,104.7,0.7,5.9,0.89,8.6,1.8,7.9,4.9,9.6,51.1,55.7,16.9,94.85,6.6,900
9,Vladimir Radmanovic,LAL,27,21,14,7,22.9,111,102.4,8.6,9.4,1.48,15,5.3,11.8,8.7,10.2,54,54.7,16.5,94.23,7,945
19,Ronny Turiaf,LAL,25,19,12,7,9.8,89.1,102.8,-13.7,5.1,0.56,8.6,3.4,10.6,7.2,15.5,38.9,43.7,13.2,91.58,-0.2,357
20,Antonio McDyess,DET,33,17,10,7,27.5,106.1,101.2,4.9,5.9,0.8,9.5,11.5,19.7,15.5,11.9,53.8,57.5,15.7,85.01,10.3,830
20,Bruce Bowen,SAS,37,17,9,8,29.9,99.8,101.2,-1.5,7.1,2.56,17.8,0.4,6,3.3,7,51.6,53.1,10,90.14,4,946
20,Fabricio Oberto,SAS,33,17,9,8,19.5,102.2,100.6,1.6,9,1.43,23.5,5.2,17.3,11.6,16.5,60.9,62.5,9.4,93.07,6.7,638
20,Glen Davis,BOS,22,17,9,8,8.1,100.8,110.6,-9.8,9.5,0.7,11.7,9.3,11.1,10.2,16.7,41.2,46.5,18,91.73,1.9,260
20,Jason Maxiell,DET,25,17,10,7,21.8,107.2,97.4,9.9,6.8,1.45,15.2,6.7,13.3,10.2,10.5,62.5,60.8,11.7,88.21,9.3,677
20,Kurt Thomas,SAS,35,17,9,8,15.8,93.2,99,-5.9,3.8,0.46,6.6,9.9,23.1,16.4,14.3,45.7,47.2,14.6,91.08,6.9,511
20,Manu Ginobili,SAS,30,17,9,8,32.9,102.9,101.9,0.9,21.1,1.43,17.9,2.5,9.3,5.9,12.5,50.4,57,25.3,93.07,11.6,1084
20,Michael Finley,SAS,35,17,9,8,23,103.6,104.3,-0.7,6.4,2.83,12.9,0.3,8.3,4.4,4.5,49.1,51.4,13.5,93.73,5.6,768
20,Rasheed Wallace,DET,33,17,10,7,34.4,106,103.3,2.7,8.6,0.97,10,3.5,17.6,10.3,10.4,48.3,51.1,20.9,86.31,9.6,1047
20,Richard Hamilton,DET,30,17,10,7,38.6,107.8,102.3,5.5,19.5,1.4,15.1,3.3,9.1,6.2,10.8,48.4,55.9,27.6,87.45,14,1197
20,Rodney Stuckey,DET,22,17,10,7,22.4,103.1,100.3,2.9,27.1,2.52,26,3.2,5.9,4.6,10.3,37.9,49.1,20.6,89.06,10.3,699
20,Tayshaun Prince,DET,28,17,10,7,39.5,106.3,101.7,4.6,14.9,1.72,17.7,5.3,10.3,7.8,10.3,50,52.7,18.4,86.22,11,1203
20,Tim Duncan,SAS,32,17,9,8,39.2,104.9,104,1,15.6,1.37,12.5,9.5,28.2,19,9.2,45,48.8,27.9,90.72,16.6,1253
20,Tony Parker,SAS,26,17,9,8,38.5,103,104.4,-1.3,30.5,2.06,20.6,1.6,8.4,5,10,50.8,54.9,28.6,91.12,14,1248
34,Brent Barry,SAS,36,16,8,8,14.2,104.4,103.6,0.8,11.9,1.89,20.2,0.9,7.2,4.1,10.7,67,69.6,13.5,94.1,8.6,450
34,Ime Udoka,SAS,30,16,9,7,14.8,96.9,97.4,-0.5,13.2,1.55,16.7,3.1,17,10.2,10.8,57.7,58.7,17,92.32,12.1,450
36,Chauncey Billups,DET,31,15,8,7,32,107.4,103.3,4.1,30.5,4.15,26.3,1.4,8.9,5.1,6.3,47.1,56.4,23.5,86.97,14.6,866
36,Robert Horry,SAS,37,15,8,7,10.3,99.3,94.6,4.7,8.4,4,16.3,6.6,14.7,10.4,4.1,26.4,29.8,12.1,93.19,-0.5,300
36,Tony Allen,BOS,26,15,9,6,4.3,100,93.5,6.5,7.9,3,13.6,1.5,2.6,2.1,4.5,56.3,54.9,12.6,101.17,5.5,136
39,Jacque Vaughn,SAS,33,14,8,6,6.5,83.9,98.9,-14.9,16.3,1.14,21.6,2.3,8.1,5.2,18.9,27.3,27.3,15.2,92.01,-4,174
40,Anderson Varejao,CLE,25,13,7,6,18.4,99.8,99.8,0,6.9,1,11.1,8.8,22.6,15.4,11.1,40.7,41.9,13.9,89.52,7.3,450
40,Ben Wallace,CLE,33,13,7,6,23.4,98.6,96.3,2.3,8.4,2.14,23.1,10.6,17.5,14,10.8,51.5,49,7.7,88.81,9.1,559
40,Delonte West,CLE,24,13,7,6,34.9,101.2,97.8,3.4,22.3,1.69,25.2,1.9,8.2,5,15,48.2,55.1,16.8,88.03,8.7,828
40,Joe Smith,CLE,32,13,7,6,20.2,103.4,102.3,1.2,4.5,1,6.3,7.6,16.6,11.9,6.3,48.6,51.4,15.6,88.99,8.8,493
40,LeBron James,CLE,23,13,7,6,42.5,105.7,99.6,6.1,39,1.83,19.8,3,16.9,9.8,10.8,44.4,52.5,34.2,87.02,19.6,1003
40,Wally Szczerbiak,CLE,31,13,7,6,28.8,98.1,98.3,-0.1,9.8,1.9,11.5,1.1,5.4,3.2,6.1,45.6,51,18.6,88.66,5.8,691
40,Zydrunas Ilgauskas,CLE,33,13,7,6,30.3,102.1,99.3,2.8,10.8,1,10.3,8.9,18.1,13.4,10.3,47.9,53.3,22.2,86.32,13,710
47,Andrei Kirilenko,UTA,27,12,6,6,32.3,110.5,106.8,3.7,11.9,1.67,16.9,4.1,6.8,5.5,10.2,46.9,51,17.2,91.31,6.6,734
47,Arron Afflalo,DET,22,12,9,3,7,89.9,96.4,-6.5,10.9,6,24,0,6.4,3.2,4,38.9,38.9,10.6,92.61,5.3,158
47,Bonzi Wells,NOH,31,12,7,5,14.2,103,104.2,-1.3,7.3,1.33,10.8,2.3,17.2,9.4,8.1,38.6,36.9,18.6,85.63,2.6,302
47,Carlos Boozer,UTA,26,12,6,6,36.7,108.2,108.2,0,13.1,0.94,12.2,9.8,24.9,17.3,12.9,41.5,46.2,25.1,91.39,10.7,839
47,Chris Paul,NOH,23,12,7,5,40.5,112.6,105.4,7.2,48.7,6.14,32.8,3.4,9,6.3,5.4,51.4,56.5,27.2,88.74,18.7,895
47,David West,NOH,27,12,7,5,40.4,109.1,105.2,3.9,12.2,1.62,11.4,4.4,17,10.6,7,46.8,52.2,25.7,89.6,13.9,906
47,Deron Williams,UTA,24,12,6,6,42.7,109.5,109.5,0,39.9,3.24,32.3,3.1,5.5,4.3,9.9,56.8,61.1,22.1,90.71,14.6,970
47,Jannero Pargo,NOH,28,12,7,5,22.1,107.4,103,4.3,17.5,2.45,16.5,1.9,9.5,5.7,6.7,45.3,48.2,24.4,88.64,9.5,487
47,Kyle Korver,UTA,27,12,6,6,21.6,109.1,108,1.1,4.6,0.88,7.1,1.9,8,4.9,8.1,48.6,56,15.7,91.08,7.2,494
47,Matt Harpring,UTA,32,12,6,6,17.4,105.7,108.1,-2.4,6.8,0.73,8.1,7.9,8.7,8.3,11.1,40.5,50.4,19.7,89.6,5.5,386
47,Mehmet Okur,UTA,29,12,6,6,38.5,110,108.4,1.6,8,1.21,10.6,7.7,24.3,16,8.8,48.4,52.7,19.1,90.28,12.5,870
47,Morris Peterson,NOH,30,12,7,5,23.1,111.5,104.2,7.3,3.6,1.4,8.4,1.1,10,5.7,6,60.3,60.9,13,90.38,6,522
47,Paul Millsap,UTA,23,12,6,6,17.5,103.5,106.9,-3.4,3.4,0.44,4.8,9.9,12.6,11.1,10.7,51.6,52.7,16.5,91.59,7.2,397
47,Peja Stojakovic,NOH,31,12,7,5,37.9,110.5,106.1,4.3,2,0.75,3.8,1.4,13,7.3,5,54.1,58.3,16.2,89.13,9,841
47,Ronnie Brewer,UTA,23,12,6,6,25.4,108.6,107,1.7,9.8,4.75,14.4,5.6,7.3,6.5,3,52.6,56,16.8,90.09,9.4,569
47,Ronnie Price,UTA,25,12,6,6,5.7,93.3,97.8,-4.5,30.6,1.83,20.8,1.3,4.8,2.9,11.3,37.1,44.9,26.1,94.53,10.9,134
47,Theo Ratliff,DET,35,12,6,6,10.9,100.4,104.8,-4.4,1.3,0.25,4.8,11.6,10.6,11.1,19,50,51.5,7,90.5,1.8,245
47,Tyson Chandler,NOH,25,12,7,5,34.3,115.1,101.7,13.4,1.7,0.5,5.5,11.8,18.1,15.1,11,63.2,64,10.1,87.65,9.4,748
65,Daniel Gibson,CLE,22,11,6,5,25.8,107,99.4,7.6,17.5,1.8,21.4,1.5,5.7,3.5,11.9,57.1,58.8,16.1,88.56,9.3,527
65,Jarvis Hayes,DET,26,11,8,3,5.6,83.5,101.6,-18.1,12.5,1,10.5,5.9,19,12.2,10.5,38.3,38.3,24.5,96.97,4.4,121
65,Julian Wright,NOH,21,11,7,4,11.9,100.9,102.1,-1.2,6.6,1,8.8,5.1,9.5,7.4,8.8,47.7,50.4,19.2,86.73,9.6,235
65,Lindsey Hunter,DET,37,11,5,6,10.5,100.9,91.4,9.5,20,2.8,35,1.9,7.3,4.7,12.5,50,50,10.9,90.32,4.3,213
69,Dwight Howard,ORL,22,10,5,5,42.1,110.5,106.7,3.8,3.7,0.28,4.4,15.5,22.6,19.2,15.8,58.1,58.9,21.3,89.76,13.8,789
69,Hedo Turkoglu,ORL,29,10,5,5,39.9,109.6,109,0.6,23.3,1.45,21.6,3.9,12.6,8.4,14.9,48.2,54.3,23.4,89.16,10.6,741
69,Jameer Nelson,ORL,26,10,5,5,33.3,113,109,4,23,2.24,23.7,1.3,11.2,6.4,10.6,59.3,62.7,21,89.81,10.5,623
69,Keith Bogans,ORL,28,10,5,5,29.3,109.1,105.1,4,6.1,1.57,12.2,1.5,12.5,7.3,7.8,47.8,50.1,12.8,88.99,5.5,539
69,Keyon Dooling,ORL,28,10,5,5,14.8,96,97.1,-1.1,10,1.17,9.3,1.4,5,3.4,8,47.3,52.7,22.1,89.17,6.7,274
69,Maurice Evans,ORL,29,10,5,5,28.2,106.9,103.7,3.2,4,0.78,7.9,2.8,6.2,4.6,10.1,61.6,62.1,13.5,90.95,7.2,533
69,Rashard Lewis,ORL,28,10,5,5,41.7,111,108,3,13.9,1.48,14.3,6.3,11.6,9.1,9.7,50,54.1,22.7,89.31,11.7,780
76,Ryan Bowen,NOH,32,9,6,3,4.4,108.8,97.3,11.6,6.9,2,20,10.7,26.2,20,10,16.7,29.1,10.1,86.4,9.7,68
77,Amir Johnson,DET,21,8,5,3,5.4,86.9,109.2,-22.3,5.3,0.5,5.6,6.7,20.4,13.8,11.1,75,71.7,17.5,95.72,16.3,84
77,Devin Brown,CLE,29,8,5,3,11.5,92.5,108,-15.5,18,1,15.3,8.3,13.3,10.6,15.3,33.8,40.6,23.6,90.84,4.4,174
77,Hilton Armstrong,NOH,23,8,6,2,9,102.3,112.3,-10,0,0,0,14.5,18,16.3,19,61.5,60.3,14.1,89.96,5.9,132
77,Marcin Gortat,ORL,24,8,4,4,6,103.5,90,13.5,0,0,0,4.9,13.6,9.4,33.3,83.3,83.3,9.6,87.97,7.3,86
77,Sasha Pavlovic,CLE,24,8,4,4,13.9,100.9,102.4,-1.4,1.7,0.5,3.2,5.7,4.3,5,6.5,46.2,48.9,12.5,91.42,0.4,211
77,Trevor Ariza,LAL,23,8,4,4,5.7,91.4,119.1,-27.7,4.5,1,6.3,6.7,22.2,13.6,6.3,62.5,61.8,14.2,96.49,9.3,93
83,Acie Law,ATL,23,7,3,4,8.7,91.2,105.4,-14.3,26.7,1,27.6,0,3.3,1.7,27.6,75,84.7,16,88.07,10.9,113
83,Al Horford,ATL,22,7,3,4,39.5,97.4,115.6,-18.2,18.4,1.67,20.2,8.5,19.8,14.2,12.1,47.2,52.5,17,86.03,11.5,498
83,CJ Miles,UTA,21,7,2,5,3.8,87.5,116.1,-28.6,0,0,0,2.8,20,8.9,12.5,42.9,42.9,21.1,115.12,3.5,64
83,DJ Mbenga,LAL,27,7,6,1,4.3,116.9,103.2,13.8,0,0,0,14.3,20.7,18,11.1,62.5,62.5,14.1,97.34,6.4,59
83,Damon Stoudamire,SAS,34,7,2,5,5.1,70.1,111.3,-41.1,16.7,2,10.5,5.4,15.6,10.1,5.3,36.7,39.8,22.4,87.35,12.2,67
83,Joe Johnson,ATL,27,7,3,4,39.3,99.6,115.3,-15.7,23.7,1.75,16.2,3.6,6.9,5.3,9.2,47.8,54,25.1,85.81,10.9,494
83,Josh Childress,ATL,25,7,3,4,29.3,105.6,107.7,-2.1,9.6,5.5,18.3,7.9,12.4,10.2,3.3,52.4,52.9,11.2,87.65,10.3,375
83,Josh Smith,ATL,22,7,3,4,33.8,98.6,115.3,-16.7,19,0.77,13,3.4,16.8,10.4,16.9,41.5,51.2,26.8,88.37,11.2,435
83,Marvin Williams,ATL,22,7,3,4,28.5,90.5,118,-27.4,5.7,0.38,5.4,5.8,8.8,7.3,14,41.4,54.2,20.7,89.48,6.7,370
83,Melvin Ely,NOH,30,7,3,4,8.4,89.1,101.7,-12.6,2.8,0.25,4,7.6,12.2,9.6,16,26.7,38.7,19,91.41,-3.7,110
83,Mike Bibby,ATL,30,7,3,4,35.9,101.7,113.3,-11.6,16.8,1.69,19,1.3,8,4.7,11.2,39.2,45.5,17.5,87.94,5.3,463
83,Solomon Jones,ATL,23,7,3,4,4.1,88.1,103.4,-15.3,7.7,0,8.3,12.5,15.4,13.8,0,20,18.4,15.9,98.42,0.6,59
83,Zaza Pachulia,ATL,24,7,3,4,15,108.7,102.5,6.2,3.2,0.22,4.4,8.5,10.3,9.4,20,28,42.3,18.2,90.01,-2.3,195
96,Aaron Brooks,HOU,23,6,2,4,8.3,95.7,105.4,-9.7,11.5,1,8.3,0,12,6.1,8.3,32,41.9,30.3,89.89,0.8,94
96,Andray Blatche,WAS,21,6,2,4,14.8,101.8,98.8,3,2,0.2,3.1,7.8,15.1,11.4,15.6,42.9,41.9,16.3,90.83,1.9,167
96,Andre Iguodala,PHI,24,6,2,4,39,94.9,109,-14.1,23.1,1.15,20.5,2.8,11.3,6.9,17.8,34.8,44.9,23.2,87.27,8.1,428
96,Andre Miller,PHI,32,6,2,4,38.2,94.3,108.6,-14.3,18.2,1.43,14.9,3.3,6,4.6,10.4,43.8,46.6,23,87.9,7.7,423
96,Antawn Jamison,WAS,32,6,2,4,39.5,101.4,114.1,-12.7,5,0.6,4.8,8.2,22.2,15.3,8,44.3,46.6,23.5,89.37,11.6,442
96,Antonio Daniels,WAS,33,6,2,4,25.6,104.3,106.1,-1.9,19.8,2.57,28.1,0.7,8.4,4.7,10.9,46.8,57.2,14.1,87.16,10.8,281
96,Bobby Jackson,HOU,35,6,2,4,23,96,101.6,-5.6,13.4,2.25,10.2,1.3,6.5,3.5,4.5,32.1,34.7,26.5,86.62,1.8,249
96,Brendan Haywood,WAS,28,6,2,4,29.7,103.7,105.1,-1.4,5.4,0.83,7.5,7.4,15.8,11.6,9,59.1,65.5,16.5,88.79,12,327
96,Carl Landry,HOU,24,6,2,4,17.6,97.9,93.3,4.6,0,0,0,13.8,13,13.4,5.7,42.3,51.5,15.4,88.05,13.9,194
96,Caron Butler,WAS,28,6,2,4,41,103.5,106.1,-2.6,18,1.44,16.7,4.1,9.8,7,11.6,48.9,55.6,22.1,89.05,12.5,456
96,Chuck Hayes,HOU,25,6,2,4,18,93.4,101.5,-8.1,8.8,1.25,25,6,19.4,12.5,20,63.6,63.6,6.4,87.38,9.1,198
96,DeShawn Stevenson,WAS,27,6,2,4,32.6,103.8,107,-3.2,15.5,2,18.9,1,5.5,3.3,9.5,48.3,54.5,18.2,90.41,8.1,367
96,Dikembe Mutombo,HOU,42,6,2,4,20.6,109.3,107.4,1.9,2.3,2,9.5,8.3,24.2,16.2,4.8,61.5,64.5,7.5,83.99,11.2,216
96,Jason Smith,PHI,22,6,2,4,13.7,101.9,104.7,-2.8,6.4,1.5,12,4.9,15.7,9.9,8,44.4,50.6,12,89.32,9.5,156
96,Lou Williams,PHI,21,6,2,4,22.4,98.1,91.8,6.3,18.5,1.71,12.9,2.1,7.3,4.5,7.5,41.7,49.2,26.1,91.8,11.6,260
96,Luis Scola,HOU,28,6,2,4,36.7,101.3,107.8,-6.5,6.8,0.67,7.8,10.4,15.8,12.9,11.7,44.8,51,20.4,86.51,8.1,396
96,Mario West,ATL,24,6,3,3,1,66.7,62.5,4.2,0,0,0,10,10,10,0,33.3,29.1,17.6,112.85,4.3,12
96,Reggie Evans,PHI,28,6,2,4,24.7,102.6,101.5,1.1,3.4,0.23,5.6,11.3,23.5,17.2,24.1,50,56.1,15.8,87.52,8.6,273
96,Rodney Carney,PHI,24,6,2,4,14,102.5,96.3,6.2,11.6,0,13.5,3.2,5.3,4.1,0,46.8,47.1,16.1,92.44,8.2,163
96,Roger Mason Jr.,WAS,27,6,2,4,21.5,104.1,106.3,-2.1,9.4,3,10.2,0,4,2.1,3.4,44.7,47.5,20.2,89.49,5.2,242
96,Samuel Dalembert,PHI,28,6,2,4,32.1,94.3,109.4,-15.1,2.9,0.3,4.5,10.6,22.6,16.2,14.9,42.2,50.6,15.3,87.69,10.1,352
96,Shane Battier,HOU,29,6,2,4,41,101.3,107.5,-6.2,2.1,0.38,4.9,2.7,6.8,4.6,13.1,57.8,60.2,11.1,86.24,5.1,445
96,Thaddeus Young,PHI,20,6,2,4,26.7,92.4,112.8,-20.5,5.1,1,6.2,9.1,9.2,9.1,6.2,49,54.3,16.8,89.47,11.2,302
96,Tracy McGrady,HOU,29,6,2,4,41.2,104.9,106.3,-1.5,36.6,2.28,17.9,2.8,18.3,10.2,7.9,44.2,47.8,35.3,86.72,18.3,452
96,Willie Green,PHI,26,6,2,4,23.6,91.4,111.8,-20.4,17.4,1.33,15.4,1.5,5.1,3.2,11.5,44.1,47.2,21.6,86.57,4.5,257
121,Amar'e Stoudemire,PHX,25,5,1,4,40.8,107.9,104.1,3.8,1.7,0.14,1.6,8,16,12,11,49,51.7,28.3,91.99,11.7,391
121,Andrea Bargnani,TOR,22,5,1,4,20.8,102.5,120.7,-18.2,2.9,1,4.5,0.9,6.5,3.5,4.5,38.5,40.1,18.2,93.33,0.7,201
121,Anthony Parker,TOR,33,5,1,4,39.2,109,117.7,-8.7,7.6,2.5,14.5,2,14.1,7.8,5.8,45.9,51.7,13.8,92.43,7.1,376
121,Boris Diaw,PHX,26,5,1,4,35.5,105.5,104.4,1.1,23,2.09,22.8,4,12,8,10.9,54.7,54.8,19.9,93.57,11.8,348
121,Brandon Bass,DAL,23,5,1,4,26.6,106,111.6,-5.6,2.8,0.67,3.8,15,11.8,13.5,5.7,47.2,61.7,17.1,90.43,11.7,251
121,Carlos Delfino,TOR,25,5,1,4,24.1,120.4,103.1,17.2,13.4,3.67,19.6,4.4,16.1,10.4,5.4,45.9,51.9,17.9,88.3,9.8,221
121,Chris Bosh,TOR,24,5,1,4,39.8,107.5,117.6,-10.1,16.1,1.38,13.2,9.3,13.3,11.2,9.6,47.8,55.8,26.7,93.21,12.9,386
121,Damon Jones,CLE,31,5,3,2,5.1,81.1,111.5,-30.4,10,1,8.3,0,0,0,8.3,30,30,17.2,98.02,-5.5,53
121,Darius Songaila,WAS,30,5,2,3,15.5,104.6,99.3,5.3,9.3,0.67,11.1,6.3,11.4,9.1,16.7,42.1,56.6,19.3,93,4.1,151
121,Devean George,DAL,30,5,1,4,12.5,112.8,110.3,2.5,0,0,0,6.6,20,12.9,9.1,46.4,48,24.1,89.53,7.8,117
121,Dirk Nowitzki,DAL,30,5,1,4,42.1,106.1,116.7,-10.6,20.6,2,14,4.6,25.8,14.5,7,50.5,58.8,26.3,89.25,18.2,394
121,Dwayne Jones,CLE,25,5,3,2,4,81.8,97.6,-15.8,0,0,0,8.3,16.7,12.5,25,50,52.1,8,103.03,3.1,44
121,Erick Dampier,DAL,32,5,1,4,18.9,91.8,116.8,-25,0,0,0,11.2,9.3,10.3,12,41.2,42.1,11.5,93.26,0.5,183
121,Gordan Giricek,PHX,31,5,1,4,16,93.9,89,4.8,4.3,0.67,8,0,8.1,4.1,12,36.1,43,12.7,98.29,5.6,163
121,Jamario Moon,TOR,28,5,1,4,20.8,99.5,108.4,-8.9,5.8,2,11.4,5.9,17.3,11.1,5.7,44.8,45.9,13.2,93.22,8.9,202
121,Jarron Collins,UTA,29,5,1,4,4,87.8,90,-2.2,7.1,0,25,8.6,14.3,10.7,0,0,0,5.5,97.3,4.2,41
121,Jason Kapono,TOR,27,5,1,4,30.4,112.6,108.4,4.2,4.5,2,6.7,1.3,7.1,4.3,3.3,70.8,71.2,17.4,90.19,12.1,286
121,Jason Kidd,DAL,35,5,1,4,36,107.6,113.9,-6.3,31.2,3.78,40,4.3,14.4,9.1,10.6,50,51.8,12.7,90.15,10.4,340
121,Jason Terry,DAL,30,5,1,4,35.9,104.7,117.5,-12.7,26.4,4.8,25,0.5,4.3,2.2,5.2,55,59.3,17.8,89.39,9.3,337
121,Jerry Stackhouse,DAL,33,5,1,4,20.5,103.7,121.8,-18.1,10.9,0.86,11.3,3.9,14.3,8.6,13.2,34.2,38.6,20.8,88.61,2.9,190
121,Jose Calderon,TOR,26,5,1,4,23.9,105.8,106.7,-0.9,52.2,5.83,37.6,3.3,11.6,7.4,6.5,54,56.5,22.7,89.94,16.3,224
121,Josh Howard,DAL,28,5,1,4,34.2,97.8,110.7,-12.8,8.1,0.78,7,6.7,13.5,10,9,29.9,38,24.7,89.74,4.9,321
121,Leandro Barbosa,PHX,25,5,1,4,28.6,99.7,109.8,-10.1,10.3,2.25,12.5,1.4,13,7.2,5.6,38.2,43.4,20,96.49,7.1,287
121,Luther Head,HOU,25,5,1,4,8.9,90,88.6,1.4,14.8,1,18.2,1.9,2.3,2.1,18.2,7.1,13.4,16.8,96.21,-8.7,90
121,Raja Bell,PHX,31,5,1,4,43,105,107.2,-2.2,7.4,2.2,18,2.9,11.1,7,8.2,74.3,77.2,10.7,93.39,9.6,420
121,Rasho Nesterovic,TOR,32,5,1,4,15.4,112.1,112.3,-0.2,6.5,0.6,9.7,4.2,14.7,9.3,16.1,50,50.3,17.4,86.6,3.1,140
121,Shaquille O'Neal,PHX,36,5,1,4,30.1,101.3,96.7,4.7,5.4,0.56,5.3,9,22.1,15.6,9.5,44,48.6,26.7,95.59,10.3,300
121,Steve Nash,PHX,34,5,1,4,36.6,103.9,108.9,-5.1,34.5,3.25,31,0.6,7.5,4,9.5,50,53.8,21.5,94.29,12.8,361
121,T.J. Ford,TOR,25,5,1,4,24.8,109.3,121.2,-11.9,41.3,3.3,30.8,2.3,17,9.1,9.3,37.1,44.6,26.2,94.99,11.5,246
150,Allen Iverson,DEN,33,4,0,4,39.5,102.8,117.1,-14.4,20.2,2.57,14.6,2.3,4.8,3.5,5.7,45.2,50.2,27.3,99.19,11.5,326
150,Anthony Carter,DEN,33,4,0,4,15.1,90.6,105.5,-15,34.1,4.67,45.2,2.8,13.8,7.7,9.7,28.6,28.6,11.6,100.76,6.6,127
150,Brian Skinner,PHX,32,4,1,3,5.4,85.7,127.9,-42.2,0,0,0,0,15.8,7.1,0,50,53.2,17.4,95.19,3.6,42
150,Carlos Arroyo,ORL,28,4,2,2,7.5,76.3,120.3,-44.1,26.7,1.33,33.3,0,10,4,25,50,61.5,12.3,94.61,3.4,59
150,Carmelo Anthony,DEN,24,4,0,4,36.6,99.7,117.1,-17.4,10.4,0.67,6.6,11.2,12.8,11.9,9.9,37.5,44.7,31.5,97.82,7.7,297
150,Eduardo Najera,DEN,31,4,0,4,19.6,106,115.1,-9.1,10.3,1.2,24,6,10.3,8,20,57.1,57.1,9.9,102.29,3,168
150,Gilbert Arenas,WAS,26,4,1,3,23.5,94.6,106,-11.4,23.9,1.38,18,0,7.5,3.7,13.1,45.8,52.1,24.2,93.64,7,184
150,JR Smith,DEN,22,4,0,4,26.9,110.9,118.4,-7.5,10.3,1.4,10.9,0.9,5.7,3.3,7.8,61.6,68.1,21.8,101.89,11.7,229
150,Kenyon Martin,DEN,30,4,0,4,29.5,99.2,113,-13.9,6.4,0.56,9.6,9.8,9.4,9.6,17.3,44.1,46.6,16.4,96.79,3.1,238
150,Linas Kleiza,DEN,23,4,0,4,30.5,101.5,112.7,-11.2,3.9,0.6,5.5,5.6,13.8,9.6,9.1,57.3,59.9,16.8,102.29,9.5,260
150,Marcus Camby,DEN,34,4,0,4,31,100,119.5,-19.5,13.3,1.2,26.1,7.5,33.3,19.5,21.7,26.2,27.5,10.9,99.7,9.2,258
150,Mike James,NOH,33,4,2,2,7,106.5,92,14.5,6.7,1,6.7,0,3.4,2,6.7,41.7,46.6,26.9,81.9,7.9,46
150,Nick Young,WAS,23,4,2,2,4.3,81.6,89.5,-7.9,12.5,1,7.7,5.3,5,5.1,7.7,11.1,23.2,29.3,106.81,-3.1,38
150,Rafer Alston,HOU,31,4,2,2,31.5,100,104.8,-4.8,27.7,3,24.3,1.6,3.3,2.5,8.1,55.2,56.8,21.1,88.3,11.2,232
150,Walter Herrmann,DET,29,4,3,1,6.7,92,112.7,-20.7,0,0,0,3.2,0,1.8,0,37.5,43.4,10,93.59,-4.5,50
165,Adonal Foyle,ORL,33,3,2,1,3.5,45.5,154.5,-109.1,0,0,0,0,42.9,17.6,40,33.3,33.3,21.7,99.65,0,22
165,Billy Thomas,CLE,32,3,2,1,2.7,94.4,68.4,26,20,0,33.3,0,9.1,4.8,0,75,75,9.1,110.24,27,18
165,Dominic McGuire,WAS,22,3,1,2,5.1,100,87.5,12.5,14.3,0,50,6.7,11.8,9.4,0,0,56.8,2.9,101.24,10,32
165,Eddie Jones,DAL,36,3,0,3,7.2,97.6,123.3,-25.7,8.3,1,12.5,0,16.7,7.7,12.5,41.7,46.6,16.3,93.64,3.8,41
165,Grant Hill,PHX,35,3,0,3,22.6,88.5,98.6,-10.1,6.7,0,21.4,4.4,22,12.6,0,45.5,48.1,7.3,99.24,11.6,139
165,Jeremy Richardson,ATL,24,3,0,3,2.2,80,85.7,-5.7,0,0,0,0,0,0,0,25,25,20,107.63,-8.7,15
165,Juwan Howard,DAL,35,3,0,3,3.8,114.3,90.9,23.4,12.5,0,20,0,0,0,0,0,13.3,17.4,90.79,-16.1,21
165,Kevin Ollie,PHI,35,3,1,2,6.2,87.2,84.2,3,37.5,0,37.5,0,6.7,2.5,0,25,41,10.6,98.6,14.1,39
165,Kris Humphries,TOR,23,3,0,3,0.5,50,75,-25,0,0,0,0,0,0,0,0,0,0,116.48,0,4
165,Malik Allen,DAL,30,3,1,2,6,106.1,100,6.1,0,0,0,0,0,0,0,0,0,2.6,86.35,-10.6,33
165,Mike Harris,HOU,25,3,1,2,2.9,95,88.9,6.1,0,0,0,11.1,12.5,11.8,0,50,52.1,12.5,104.03,9.4,20
165,Nene,DEN,25,3,0,3,10,95.2,123,-27.7,5.3,0.5,7.7,10.7,16,13.2,15.4,55.6,63,17.1,98.77,8,63
165,Oleksiy Pecherov,WAS,22,3,1,2,2.7,83.3,73.7,9.6,0,0,0,0,11.1,5.3,0,0,53.2,11.1,108.73,20,18
165,Salim Stoudamire,ATL,25,3,0,3,9.3,100,114.5,-14.5,0,0,0,0,4.5,1.9,23.1,55.6,60.7,20,94.68,4.1,55
165,Steve Novak,HOU,25,3,1,2,7,105.3,110.3,-5,0,0,0,4.5,5.9,5.1,0,100,100,8.9,88.56,10.5,38
165,Yakhouba Diawara,DEN,25,3,0,3,2.5,100,65,35,0,0,0,0,11.1,5.9,0,40,40,27.8,121.17,7.7,18
181,JJ Redick,ORL,24,2,0,2,5.1,85,90,-5,0,0,0,0,10,4.3,0,0,0,17.4,93.66,-17.4,20
181,Jason Hart,UTA,30,2,1,1,2.8,33.3,100,-66.7,0,0,0,0,0,0,0,50,50,14.3,104.1,7.4,12
181,Joey Graham,TOR,26,2,0,2,0.9,0,75,-75,0,0,0,0,0,0,0,0,0,50,93.85,-200,3
181,Juan Dixon,DET,29,2,2,0,3.6,90.9,16.7,74.2,0,0,0,0,0,0,0,0,0,14.3,77.75,-100,11
181,Lou Amundson,PHI,25,2,0,2,5.2,126.3,75,51.3,0,0,0,33.3,15.4,25,0,50,51.2,19.2,90.58,17.3,19
181,Matt Bonner,SAS,28,2,2,0,4.5,93.3,106.3,-12.9,50,0,40,0,18.2,10.5,0,66.7,66.7,17.6,83.13,26.9,15
181,Pat Garrity,ORL,31,2,1,1,2.8,92.3,41.7,50.6,0,0,0,0,22.2,12.5,0,0,17.4,20,108.11,0,13
181,Shavlik Randolph,PHI,24,2,1,1,2,50,55.6,-5.6,0,0,0,0,0,0,0,0,54.3,30,114,0,10
181,Steven Hunter,DEN,26,2,0,2,2.3,90.9,45.5,45.5,0,0,0,0,40,20,0,0,0,9.1,115.62,9.1,11
181,Tyronn Lue,DAL,31,2,0,2,1.1,160,150,10,50,0,50,20,0,16.7,0,0,0,12.5,96.36,4.8,5
191,Antoine Wright,DAL,24,1,0,1,7.5,128.6,100,28.6,0,0,0,0,12.5,8.3,100,0,0,13.3,89.8,-4.3,14
191,Chris Mihm,LAL,28,1,1,0,2.8,66.7,200,-133.3,0,0,0,0,0,0,50,0,0,28.6,95.42,-44.4,6
191,Chucky Atkins,DEN,33,1,0,1,3,75,62.5,12.5,0,0,0,0,25,12.5,0,0,0,12.5,126.59,0,8
191,Coby Karl,LAL,25,1,1,0,2,33.3,120,-86.7,100,0,100,0,0,0,0,0,0,0,129.84,0,6
191,DJ Strawberry,PHX,23,1,1,0,4.6,11.1,100,-88.9,0,0,0,0,16.7,6.7,0,0,0,40,98.42,-88.9,9
191,Eric Piatkowski,PHX,37,1,1,0,1.6,50,33.3,16.7,0,0,0,0,0,0,0,0,0,0,75,100,2
191,Ira Newble,LAL,33,1,1,0,1.2,0,100,-100,0,0,0,0,0,0,0,0,0,0,104.35,0,3
191,J.J. Barea,DAL,24,1,0,1,5.3,100,120,-20,100,0,20,0,0,0,0,100,100,28.6,96,42.4,11
191,James Augustine,ORL,24,1,1,0,1.6,175,100,75,0,0,0,0,50,25,0,100,100,16.7,107.23,30,4
191,Loren Woods,HOU,30,1,0,1,1.1,100,66.7,33.3,0,0,0,50,0,50,0,100,100,25,110.77,71.4,2
191,Maceo Baston,TOR,32,1,0,1,0.6,0,0,0,0,0,0,0,0,0,0,0,0,0,87.27,200,1
191,Sean Marks,PHX,32,1,1,0,2.5,25,100,-75,0,0,0,0,0,0,0,0,0,0,76.8,0,4